time,file,rule,passed,repo,glob
2023-01-26T22:50:31.045718,growth_targets.view.lkml,DataSourceRule,1,https://github.com/govirtuo/looker.git,/Users/romainthoyer/Documents/Virtuo/dev/looker/**/*.view.lkml
2023-01-26T22:50:31.045718,growth_targets.view.lkml,OneViewPerFileRule,1,https://github.com/govirtuo/looker.git,/Users/romainthoyer/Documents/Virtuo/dev/looker/**/*.view.lkml
2023-01-26T22:50:31.045718,growth_targets.view.lkml,FilenameViewnameMatchRule,1,https://github.com/govirtuo/looker.git,/Users/romainthoyer/Documents/Virtuo/dev/looker/**/*.view.lkml
2023-01-26T22:50:31.045718,accounting_damage_insurance_refunds.view.lkml,DataSourceRule,1,https://github.com/govirtuo/looker.git,/Users/romainthoyer/Documents/Virtuo/dev/looker/**/*.view.lkml
2023-01-26T22:50:31.045718,accounting_damage_insurance_refunds.view.lkml,OneViewPerFileRule,1,https://github.com/govirtuo/looker.git,/Users/romainthoyer/Documents/Virtuo/dev/looker/**/*.view.lkml
2023-01-26T22:50:31.045718,accounting_damage_insurance_refunds.view.lkml,FilenameViewnameMatchRule,1,https://github.com/govirtuo/looker.git,/Users/romainthoyer/Documents/Virtuo/dev/looker/**/*.view.lkml
2023-01-26T22:50:31.045718,accounting_damage_invoices.view.lkml,DataSourceRule,1,https://github.com/govirtuo/looker.git,/Users/romainthoyer/Documents/Virtuo/dev/looker/**/*.view.lkml
2023-01-26T22:50:31.045718,accounting_damage_invoices.view.lkml,OneViewPerFileRule,1,https://github.com/govirtuo/looker.git,/Users/romainthoyer/Documents/Virtuo/dev/looker/**/*.view.lkml
2023-01-26T22:50:31.045718,accounting_damage_invoices.view.lkml,FilenameViewnameMatchRule,1,https://github.com/govirtuo/looker.git,/Users/romainthoyer/Documents/Virtuo/dev/looker/**/*.view.lkml
2023-01-26T22:50:31.045718,fleet_restauration.view.lkml,DataSourceRule,1,https://github.com/govirtuo/looker.git,/Users/romainthoyer/Documents/Virtuo/dev/looker/**/*.view.lkml
2023-01-26T22:50:31.045718,fleet_restauration.view.lkml,OneViewPerFileRule,1,https://github.com/govirtuo/looker.git,/Users/romainthoyer/Documents/Virtuo/dev/looker/**/*.view.lkml
2023-01-26T22:50:31.045718,fleet_restauration.view.lkml,FilenameViewnameMatchRule,1,https://github.com/govirtuo/looker.git,/Users/romainthoyer/Documents/Virtuo/dev/looker/**/*.view.lkml
2023-01-26T22:50:31.045718,parking_costs.view.lkml,DataSourceRule,1,https://github.com/govirtuo/looker.git,/Users/romainthoyer/Documents/Virtuo/dev/looker/**/*.view.lkml
2023-01-26T22:50:31.045718,parking_costs.view.lkml,OneViewPerFileRule,1,https://github.com/govirtuo/looker.git,/Users/romainthoyer/Documents/Virtuo/dev/looker/**/*.view.lkml
2023-01-26T22:50:31.045718,parking_costs.view.lkml,FilenameViewnameMatchRule,1,https://github.com/govirtuo/looker.git,/Users/romainthoyer/Documents/Virtuo/dev/looker/**/*.view.lkml
2023-01-26T22:50:31.045718,fleet_correction_detentions.view.lkml,DataSourceRule,1,https://github.com/govirtuo/looker.git,/Users/romainthoyer/Documents/Virtuo/dev/looker/**/*.view.lkml
2023-01-26T22:50:31.045718,fleet_correction_detentions.view.lkml,OneViewPerFileRule,1,https://github.com/govirtuo/looker.git,/Users/romainthoyer/Documents/Virtuo/dev/looker/**/*.view.lkml
2023-01-26T22:50:31.045718,fleet_correction_detentions.view.lkml,FilenameViewnameMatchRule,1,https://github.com/govirtuo/looker.git,/Users/romainthoyer/Documents/Virtuo/dev/looker/**/*.view.lkml
2023-01-26T22:50:31.045718,price_carmodel_indices.view.lkml,DataSourceRule,1,https://github.com/govirtuo/looker.git,/Users/romainthoyer/Documents/Virtuo/dev/looker/**/*.view.lkml
2023-01-26T22:50:31.045718,price_carmodel_indices.view.lkml,OneViewPerFileRule,1,https://github.com/govirtuo/looker.git,/Users/romainthoyer/Documents/Virtuo/dev/looker/**/*.view.lkml
2023-01-26T22:50:31.045718,price_carmodel_indices.view.lkml,FilenameViewnameMatchRule,1,https://github.com/govirtuo/looker.git,/Users/romainthoyer/Documents/Virtuo/dev/looker/**/*.view.lkml
2023-01-26T22:50:31.045718,vip_customers.view.lkml,DataSourceRule,1,https://github.com/govirtuo/looker.git,/Users/romainthoyer/Documents/Virtuo/dev/looker/**/*.view.lkml
2023-01-26T22:50:31.045718,vip_customers.view.lkml,OneViewPerFileRule,1,https://github.com/govirtuo/looker.git,/Users/romainthoyer/Documents/Virtuo/dev/looker/**/*.view.lkml
2023-01-26T22:50:31.045718,vip_customers.view.lkml,FilenameViewnameMatchRule,1,https://github.com/govirtuo/looker.git,/Users/romainthoyer/Documents/Virtuo/dev/looker/**/*.view.lkml
2023-01-26T22:50:31.045718,marketing_events.view.lkml,DataSourceRule,1,https://github.com/govirtuo/looker.git,/Users/romainthoyer/Documents/Virtuo/dev/looker/**/*.view.lkml
2023-01-26T22:50:31.045718,marketing_events.view.lkml,OneViewPerFileRule,1,https://github.com/govirtuo/looker.git,/Users/romainthoyer/Documents/Virtuo/dev/looker/**/*.view.lkml
2023-01-26T22:50:31.045718,marketing_events.view.lkml,FilenameViewnameMatchRule,1,https://github.com/govirtuo/looker.git,/Users/romainthoyer/Documents/Virtuo/dev/looker/**/*.view.lkml
2023-01-26T22:50:31.045718,quickrepair_consumptions.view.lkml,DataSourceRule,1,https://github.com/govirtuo/looker.git,/Users/romainthoyer/Documents/Virtuo/dev/looker/**/*.view.lkml
2023-01-26T22:50:31.045718,quickrepair_consumptions.view.lkml,OneViewPerFileRule,1,https://github.com/govirtuo/looker.git,/Users/romainthoyer/Documents/Virtuo/dev/looker/**/*.view.lkml
2023-01-26T22:50:31.045718,quickrepair_consumptions.view.lkml,FilenameViewnameMatchRule,1,https://github.com/govirtuo/looker.git,/Users/romainthoyer/Documents/Virtuo/dev/looker/**/*.view.lkml
2023-01-26T22:50:31.045718,total_cards.view.lkml,DataSourceRule,1,https://github.com/govirtuo/looker.git,/Users/romainthoyer/Documents/Virtuo/dev/looker/**/*.view.lkml
2023-01-26T22:50:31.045718,total_cards.view.lkml,OneViewPerFileRule,1,https://github.com/govirtuo/looker.git,/Users/romainthoyer/Documents/Virtuo/dev/looker/**/*.view.lkml
2023-01-26T22:50:31.045718,total_cards.view.lkml,FilenameViewnameMatchRule,1,https://github.com/govirtuo/looker.git,/Users/romainthoyer/Documents/Virtuo/dev/looker/**/*.view.lkml
2023-01-26T22:50:31.045718,allianz_assistances.view.lkml,DataSourceRule,1,https://github.com/govirtuo/looker.git,/Users/romainthoyer/Documents/Virtuo/dev/looker/**/*.view.lkml
2023-01-26T22:50:31.045718,allianz_assistances.view.lkml,OneViewPerFileRule,1,https://github.com/govirtuo/looker.git,/Users/romainthoyer/Documents/Virtuo/dev/looker/**/*.view.lkml
2023-01-26T22:50:31.045718,allianz_assistances.view.lkml,FilenameViewnameMatchRule,1,https://github.com/govirtuo/looker.git,/Users/romainthoyer/Documents/Virtuo/dev/looker/**/*.view.lkml
2023-01-26T22:50:31.045718,total_card_transactions.view.lkml,DataSourceRule,1,https://github.com/govirtuo/looker.git,/Users/romainthoyer/Documents/Virtuo/dev/looker/**/*.view.lkml
2023-01-26T22:50:31.045718,total_card_transactions.view.lkml,OneViewPerFileRule,1,https://github.com/govirtuo/looker.git,/Users/romainthoyer/Documents/Virtuo/dev/looker/**/*.view.lkml
2023-01-26T22:50:31.045718,total_card_transactions.view.lkml,FilenameViewnameMatchRule,1,https://github.com/govirtuo/looker.git,/Users/romainthoyer/Documents/Virtuo/dev/looker/**/*.view.lkml
2023-01-26T22:50:31.045718,cx_bookings_tags.view.lkml,DataSourceRule,1,https://github.com/govirtuo/looker.git,/Users/romainthoyer/Documents/Virtuo/dev/looker/**/*.view.lkml
2023-01-26T22:50:31.045718,cx_bookings_tags.view.lkml,OneViewPerFileRule,1,https://github.com/govirtuo/looker.git,/Users/romainthoyer/Documents/Virtuo/dev/looker/**/*.view.lkml
2023-01-26T22:50:31.045718,cx_bookings_tags.view.lkml,FilenameViewnameMatchRule,1,https://github.com/govirtuo/looker.git,/Users/romainthoyer/Documents/Virtuo/dev/looker/**/*.view.lkml
2023-01-26T22:50:31.045718,fifo_site.view.lkml,DataSourceRule,1,https://github.com/govirtuo/looker.git,/Users/romainthoyer/Documents/Virtuo/dev/looker/**/*.view.lkml
2023-01-26T22:50:31.045718,fifo_site.view.lkml,OneViewPerFileRule,1,https://github.com/govirtuo/looker.git,/Users/romainthoyer/Documents/Virtuo/dev/looker/**/*.view.lkml
2023-01-26T22:50:31.045718,fifo_site.view.lkml,FilenameViewnameMatchRule,1,https://github.com/govirtuo/looker.git,/Users/romainthoyer/Documents/Virtuo/dev/looker/**/*.view.lkml
2023-01-26T22:50:31.045718,pricing_seasons.view.lkml,DataSourceRule,1,https://github.com/govirtuo/looker.git,/Users/romainthoyer/Documents/Virtuo/dev/looker/**/*.view.lkml
2023-01-26T22:50:31.045718,pricing_seasons.view.lkml,OneViewPerFileRule,1,https://github.com/govirtuo/looker.git,/Users/romainthoyer/Documents/Virtuo/dev/looker/**/*.view.lkml
2023-01-26T22:50:31.045718,pricing_seasons.view.lkml,FilenameViewnameMatchRule,1,https://github.com/govirtuo/looker.git,/Users/romainthoyer/Documents/Virtuo/dev/looker/**/*.view.lkml
2023-01-26T22:50:31.045718,company_entities.view.lkml,DataSourceRule,1,https://github.com/govirtuo/looker.git,/Users/romainthoyer/Documents/Virtuo/dev/looker/**/*.view.lkml
2023-01-26T22:50:31.045718,company_entities.view.lkml,OneViewPerFileRule,1,https://github.com/govirtuo/looker.git,/Users/romainthoyer/Documents/Virtuo/dev/looker/**/*.view.lkml
2023-01-26T22:50:31.045718,company_entities.view.lkml,FilenameViewnameMatchRule,1,https://github.com/govirtuo/looker.git,/Users/romainthoyer/Documents/Virtuo/dev/looker/**/*.view.lkml
2023-01-26T22:50:31.045718,marketing_plan_weekly.view.lkml,DataSourceRule,1,https://github.com/govirtuo/looker.git,/Users/romainthoyer/Documents/Virtuo/dev/looker/**/*.view.lkml
2023-01-26T22:50:31.045718,marketing_plan_weekly.view.lkml,OneViewPerFileRule,1,https://github.com/govirtuo/looker.git,/Users/romainthoyer/Documents/Virtuo/dev/looker/**/*.view.lkml
2023-01-26T22:50:31.045718,marketing_plan_weekly.view.lkml,FilenameViewnameMatchRule,1,https://github.com/govirtuo/looker.git,/Users/romainthoyer/Documents/Virtuo/dev/looker/**/*.view.lkml
2023-01-26T22:50:31.045718,future_openings.view.lkml,DataSourceRule,1,https://github.com/govirtuo/looker.git,/Users/romainthoyer/Documents/Virtuo/dev/looker/**/*.view.lkml
2023-01-26T22:50:31.045718,future_openings.view.lkml,OneViewPerFileRule,1,https://github.com/govirtuo/looker.git,/Users/romainthoyer/Documents/Virtuo/dev/looker/**/*.view.lkml
2023-01-26T22:50:31.045718,future_openings.view.lkml,FilenameViewnameMatchRule,1,https://github.com/govirtuo/looker.git,/Users/romainthoyer/Documents/Virtuo/dev/looker/**/*.view.lkml
2023-01-26T22:50:31.045718,garages.view.lkml,DataSourceRule,1,https://github.com/govirtuo/looker.git,/Users/romainthoyer/Documents/Virtuo/dev/looker/**/*.view.lkml
2023-01-26T22:50:31.045718,garages.view.lkml,OneViewPerFileRule,1,https://github.com/govirtuo/looker.git,/Users/romainthoyer/Documents/Virtuo/dev/looker/**/*.view.lkml
2023-01-26T22:50:31.045718,garages.view.lkml,FilenameViewnameMatchRule,1,https://github.com/govirtuo/looker.git,/Users/romainthoyer/Documents/Virtuo/dev/looker/**/*.view.lkml
2023-01-26T22:50:31.045718,socioeconomic_data_per_district.view.lkml,DataSourceRule,1,https://github.com/govirtuo/looker.git,/Users/romainthoyer/Documents/Virtuo/dev/looker/**/*.view.lkml
2023-01-26T22:50:31.045718,socioeconomic_data_per_district.view.lkml,OneViewPerFileRule,1,https://github.com/govirtuo/looker.git,/Users/romainthoyer/Documents/Virtuo/dev/looker/**/*.view.lkml
2023-01-26T22:50:31.045718,socioeconomic_data_per_district.view.lkml,FilenameViewnameMatchRule,1,https://github.com/govirtuo/looker.git,/Users/romainthoyer/Documents/Virtuo/dev/looker/**/*.view.lkml
2023-01-26T22:50:31.045718,curfews.view.lkml,DataSourceRule,1,https://github.com/govirtuo/looker.git,/Users/romainthoyer/Documents/Virtuo/dev/looker/**/*.view.lkml
2023-01-26T22:50:31.045718,curfews.view.lkml,OneViewPerFileRule,1,https://github.com/govirtuo/looker.git,/Users/romainthoyer/Documents/Virtuo/dev/looker/**/*.view.lkml
2023-01-26T22:50:31.045718,curfews.view.lkml,FilenameViewnameMatchRule,1,https://github.com/govirtuo/looker.git,/Users/romainthoyer/Documents/Virtuo/dev/looker/**/*.view.lkml
2023-01-26T22:50:31.045718,marketing_plans.view.lkml,DataSourceRule,1,https://github.com/govirtuo/looker.git,/Users/romainthoyer/Documents/Virtuo/dev/looker/**/*.view.lkml
2023-01-26T22:50:31.045718,marketing_plans.view.lkml,OneViewPerFileRule,1,https://github.com/govirtuo/looker.git,/Users/romainthoyer/Documents/Virtuo/dev/looker/**/*.view.lkml
2023-01-26T22:50:31.045718,marketing_plans.view.lkml,FilenameViewnameMatchRule,1,https://github.com/govirtuo/looker.git,/Users/romainthoyer/Documents/Virtuo/dev/looker/**/*.view.lkml
2023-01-26T22:50:31.045718,netsuite_location_codes.view.lkml,DataSourceRule,1,https://github.com/govirtuo/looker.git,/Users/romainthoyer/Documents/Virtuo/dev/looker/**/*.view.lkml
2023-01-26T22:50:31.045718,netsuite_location_codes.view.lkml,OneViewPerFileRule,1,https://github.com/govirtuo/looker.git,/Users/romainthoyer/Documents/Virtuo/dev/looker/**/*.view.lkml
2023-01-26T22:50:31.045718,netsuite_location_codes.view.lkml,FilenameViewnameMatchRule,1,https://github.com/govirtuo/looker.git,/Users/romainthoyer/Documents/Virtuo/dev/looker/**/*.view.lkml
2023-01-26T22:50:31.045718,calendar_events.view.lkml,DataSourceRule,1,https://github.com/govirtuo/looker.git,/Users/romainthoyer/Documents/Virtuo/dev/looker/**/*.view.lkml
2023-01-26T22:50:31.045718,calendar_events.view.lkml,OneViewPerFileRule,1,https://github.com/govirtuo/looker.git,/Users/romainthoyer/Documents/Virtuo/dev/looker/**/*.view.lkml
2023-01-26T22:50:31.045718,calendar_events.view.lkml,FilenameViewnameMatchRule,1,https://github.com/govirtuo/looker.git,/Users/romainthoyer/Documents/Virtuo/dev/looker/**/*.view.lkml
2023-01-26T22:50:31.045718,fifo_live.view.lkml,DataSourceRule,1,https://github.com/govirtuo/looker.git,/Users/romainthoyer/Documents/Virtuo/dev/looker/**/*.view.lkml
2023-01-26T22:50:31.045718,fifo_live.view.lkml,OneViewPerFileRule,1,https://github.com/govirtuo/looker.git,/Users/romainthoyer/Documents/Virtuo/dev/looker/**/*.view.lkml
2023-01-26T22:50:31.045718,fifo_live.view.lkml,FilenameViewnameMatchRule,1,https://github.com/govirtuo/looker.git,/Users/romainthoyer/Documents/Virtuo/dev/looker/**/*.view.lkml
2023-01-26T22:50:31.045718,parking_over_costs.view.lkml,DataSourceRule,1,https://github.com/govirtuo/looker.git,/Users/romainthoyer/Documents/Virtuo/dev/looker/**/*.view.lkml
2023-01-26T22:50:31.045718,parking_over_costs.view.lkml,OneViewPerFileRule,1,https://github.com/govirtuo/looker.git,/Users/romainthoyer/Documents/Virtuo/dev/looker/**/*.view.lkml
2023-01-26T22:50:31.045718,parking_over_costs.view.lkml,FilenameViewnameMatchRule,1,https://github.com/govirtuo/looker.git,/Users/romainthoyer/Documents/Virtuo/dev/looker/**/*.view.lkml
2023-01-26T22:50:31.045718,insurance_damage_folders.view.lkml,DataSourceRule,1,https://github.com/govirtuo/looker.git,/Users/romainthoyer/Documents/Virtuo/dev/looker/**/*.view.lkml
2023-01-26T22:50:31.045718,insurance_damage_folders.view.lkml,OneViewPerFileRule,1,https://github.com/govirtuo/looker.git,/Users/romainthoyer/Documents/Virtuo/dev/looker/**/*.view.lkml
2023-01-26T22:50:31.045718,insurance_damage_folders.view.lkml,FilenameViewnameMatchRule,1,https://github.com/govirtuo/looker.git,/Users/romainthoyer/Documents/Virtuo/dev/looker/**/*.view.lkml
2023-01-26T22:50:31.045718,dashcams.view.lkml,DataSourceRule,1,https://github.com/govirtuo/looker.git,/Users/romainthoyer/Documents/Virtuo/dev/looker/**/*.view.lkml
2023-01-26T22:50:31.045718,dashcams.view.lkml,OneViewPerFileRule,1,https://github.com/govirtuo/looker.git,/Users/romainthoyer/Documents/Virtuo/dev/looker/**/*.view.lkml
2023-01-26T22:50:31.045718,dashcams.view.lkml,FilenameViewnameMatchRule,1,https://github.com/govirtuo/looker.git,/Users/romainthoyer/Documents/Virtuo/dev/looker/**/*.view.lkml
2023-01-26T22:50:31.045718,appsflyer_inapp_events.view.lkml,DataSourceRule,1,https://github.com/govirtuo/looker.git,/Users/romainthoyer/Documents/Virtuo/dev/looker/**/*.view.lkml
2023-01-26T22:50:31.045718,appsflyer_inapp_events.view.lkml,OneViewPerFileRule,1,https://github.com/govirtuo/looker.git,/Users/romainthoyer/Documents/Virtuo/dev/looker/**/*.view.lkml
2023-01-26T22:50:31.045718,appsflyer_inapp_events.view.lkml,FilenameViewnameMatchRule,1,https://github.com/govirtuo/looker.git,/Users/romainthoyer/Documents/Virtuo/dev/looker/**/*.view.lkml
2023-01-26T22:50:31.045718,installs_grouped.view.lkml,DataSourceRule,1,https://github.com/govirtuo/looker.git,/Users/romainthoyer/Documents/Virtuo/dev/looker/**/*.view.lkml
2023-01-26T22:50:31.045718,installs_grouped.view.lkml,OneViewPerFileRule,1,https://github.com/govirtuo/looker.git,/Users/romainthoyer/Documents/Virtuo/dev/looker/**/*.view.lkml
2023-01-26T22:50:31.045718,installs_grouped.view.lkml,FilenameViewnameMatchRule,1,https://github.com/govirtuo/looker.git,/Users/romainthoyer/Documents/Virtuo/dev/looker/**/*.view.lkml
2023-01-26T22:50:31.045718,apple_ads_campaigns.view.lkml,DataSourceRule,1,https://github.com/govirtuo/looker.git,/Users/romainthoyer/Documents/Virtuo/dev/looker/**/*.view.lkml
2023-01-26T22:50:31.045718,apple_ads_campaigns.view.lkml,OneViewPerFileRule,1,https://github.com/govirtuo/looker.git,/Users/romainthoyer/Documents/Virtuo/dev/looker/**/*.view.lkml
2023-01-26T22:50:31.045718,apple_ads_campaigns.view.lkml,FilenameViewnameMatchRule,1,https://github.com/govirtuo/looker.git,/Users/romainthoyer/Documents/Virtuo/dev/looker/**/*.view.lkml
2023-01-26T22:50:31.045718,marketing_kpis.view.lkml,DataSourceRule,1,https://github.com/govirtuo/looker.git,/Users/romainthoyer/Documents/Virtuo/dev/looker/**/*.view.lkml
2023-01-26T22:50:31.045718,marketing_kpis.view.lkml,OneViewPerFileRule,1,https://github.com/govirtuo/looker.git,/Users/romainthoyer/Documents/Virtuo/dev/looker/**/*.view.lkml
2023-01-26T22:50:31.045718,marketing_kpis.view.lkml,FilenameViewnameMatchRule,1,https://github.com/govirtuo/looker.git,/Users/romainthoyer/Documents/Virtuo/dev/looker/**/*.view.lkml
2023-01-26T22:50:31.045718,mastertable_marketing.view.lkml,DataSourceRule,1,https://github.com/govirtuo/looker.git,/Users/romainthoyer/Documents/Virtuo/dev/looker/**/*.view.lkml
2023-01-26T22:50:31.045718,mastertable_marketing.view.lkml,OneViewPerFileRule,1,https://github.com/govirtuo/looker.git,/Users/romainthoyer/Documents/Virtuo/dev/looker/**/*.view.lkml
2023-01-26T22:50:31.045718,mastertable_marketing.view.lkml,FilenameViewnameMatchRule,1,https://github.com/govirtuo/looker.git,/Users/romainthoyer/Documents/Virtuo/dev/looker/**/*.view.lkml
2023-01-26T22:50:31.045718,marketing_costs.view.lkml,DataSourceRule,1,https://github.com/govirtuo/looker.git,/Users/romainthoyer/Documents/Virtuo/dev/looker/**/*.view.lkml
2023-01-26T22:50:31.045718,marketing_costs.view.lkml,OneViewPerFileRule,1,https://github.com/govirtuo/looker.git,/Users/romainthoyer/Documents/Virtuo/dev/looker/**/*.view.lkml
2023-01-26T22:50:31.045718,marketing_costs.view.lkml,FilenameViewnameMatchRule,1,https://github.com/govirtuo/looker.git,/Users/romainthoyer/Documents/Virtuo/dev/looker/**/*.view.lkml
2023-01-26T22:50:31.045718,bing_reports.view.lkml,DataSourceRule,1,https://github.com/govirtuo/looker.git,/Users/romainthoyer/Documents/Virtuo/dev/looker/**/*.view.lkml
2023-01-26T22:50:31.045718,bing_reports.view.lkml,OneViewPerFileRule,1,https://github.com/govirtuo/looker.git,/Users/romainthoyer/Documents/Virtuo/dev/looker/**/*.view.lkml
2023-01-26T22:50:31.045718,bing_reports.view.lkml,FilenameViewnameMatchRule,1,https://github.com/govirtuo/looker.git,/Users/romainthoyer/Documents/Virtuo/dev/looker/**/*.view.lkml
2023-01-26T22:50:31.045718,installs.view.lkml,DataSourceRule,1,https://github.com/govirtuo/looker.git,/Users/romainthoyer/Documents/Virtuo/dev/looker/**/*.view.lkml
2023-01-26T22:50:31.045718,installs.view.lkml,OneViewPerFileRule,1,https://github.com/govirtuo/looker.git,/Users/romainthoyer/Documents/Virtuo/dev/looker/**/*.view.lkml
2023-01-26T22:50:31.045718,installs.view.lkml,FilenameViewnameMatchRule,1,https://github.com/govirtuo/looker.git,/Users/romainthoyer/Documents/Virtuo/dev/looker/**/*.view.lkml
2023-01-26T22:50:31.045718,historic_count_installs_per_day.view.lkml,DataSourceRule,1,https://github.com/govirtuo/looker.git,/Users/romainthoyer/Documents/Virtuo/dev/looker/**/*.view.lkml
2023-01-26T22:50:31.045718,historic_count_installs_per_day.view.lkml,OneViewPerFileRule,1,https://github.com/govirtuo/looker.git,/Users/romainthoyer/Documents/Virtuo/dev/looker/**/*.view.lkml
2023-01-26T22:50:31.045718,historic_count_installs_per_day.view.lkml,FilenameViewnameMatchRule,1,https://github.com/govirtuo/looker.git,/Users/romainthoyer/Documents/Virtuo/dev/looker/**/*.view.lkml
2023-01-26T22:50:31.045718,uninstalls.view.lkml,DataSourceRule,1,https://github.com/govirtuo/looker.git,/Users/romainthoyer/Documents/Virtuo/dev/looker/**/*.view.lkml
2023-01-26T22:50:31.045718,uninstalls.view.lkml,OneViewPerFileRule,1,https://github.com/govirtuo/looker.git,/Users/romainthoyer/Documents/Virtuo/dev/looker/**/*.view.lkml
2023-01-26T22:50:31.045718,uninstalls.view.lkml,FilenameViewnameMatchRule,1,https://github.com/govirtuo/looker.git,/Users/romainthoyer/Documents/Virtuo/dev/looker/**/*.view.lkml
2023-01-26T22:50:31.045718,safo_fines.view.lkml,DataSourceRule,1,https://github.com/govirtuo/looker.git,/Users/romainthoyer/Documents/Virtuo/dev/looker/**/*.view.lkml
2023-01-26T22:50:31.045718,safo_fines.view.lkml,OneViewPerFileRule,1,https://github.com/govirtuo/looker.git,/Users/romainthoyer/Documents/Virtuo/dev/looker/**/*.view.lkml
2023-01-26T22:50:31.045718,safo_fines.view.lkml,FilenameViewnameMatchRule,1,https://github.com/govirtuo/looker.git,/Users/romainthoyer/Documents/Virtuo/dev/looker/**/*.view.lkml
2023-01-26T22:50:31.045718,bmw_syntheses.view.lkml,DataSourceRule,1,https://github.com/govirtuo/looker.git,/Users/romainthoyer/Documents/Virtuo/dev/looker/**/*.view.lkml
2023-01-26T22:50:31.045718,bmw_syntheses.view.lkml,OneViewPerFileRule,1,https://github.com/govirtuo/looker.git,/Users/romainthoyer/Documents/Virtuo/dev/looker/**/*.view.lkml
2023-01-26T22:50:31.045718,bmw_syntheses.view.lkml,FilenameViewnameMatchRule,1,https://github.com/govirtuo/looker.git,/Users/romainthoyer/Documents/Virtuo/dev/looker/**/*.view.lkml
2023-01-26T22:50:31.045718,users.view.lkml,DataSourceRule,1,https://github.com/govirtuo/looker.git,/Users/romainthoyer/Documents/Virtuo/dev/looker/**/*.view.lkml
2023-01-26T22:50:31.045718,users.view.lkml,OneViewPerFileRule,1,https://github.com/govirtuo/looker.git,/Users/romainthoyer/Documents/Virtuo/dev/looker/**/*.view.lkml
2023-01-26T22:50:31.045718,users.view.lkml,FilenameViewnameMatchRule,1,https://github.com/govirtuo/looker.git,/Users/romainthoyer/Documents/Virtuo/dev/looker/**/*.view.lkml
2023-01-26T22:50:31.045718,bookings.view.lkml,DataSourceRule,1,https://github.com/govirtuo/looker.git,/Users/romainthoyer/Documents/Virtuo/dev/looker/**/*.view.lkml
2023-01-26T22:50:31.045718,bookings.view.lkml,OneViewPerFileRule,1,https://github.com/govirtuo/looker.git,/Users/romainthoyer/Documents/Virtuo/dev/looker/**/*.view.lkml
2023-01-26T22:50:31.045718,bookings.view.lkml,FilenameViewnameMatchRule,1,https://github.com/govirtuo/looker.git,/Users/romainthoyer/Documents/Virtuo/dev/looker/**/*.view.lkml
2023-01-26T22:50:31.045718,fifo_per_class_costs.view.lkml,DataSourceRule,1,https://github.com/govirtuo/looker.git,/Users/romainthoyer/Documents/Virtuo/dev/looker/**/*.view.lkml
2023-01-26T22:50:31.045718,fifo_per_class_costs.view.lkml,OneViewPerFileRule,1,https://github.com/govirtuo/looker.git,/Users/romainthoyer/Documents/Virtuo/dev/looker/**/*.view.lkml
2023-01-26T22:50:31.045718,fifo_per_class_costs.view.lkml,FilenameViewnameMatchRule,1,https://github.com/govirtuo/looker.git,/Users/romainthoyer/Documents/Virtuo/dev/looker/**/*.view.lkml
2023-01-26T22:50:31.045718,demand_forecasting.view.lkml,DataSourceRule,1,https://github.com/govirtuo/looker.git,/Users/romainthoyer/Documents/Virtuo/dev/looker/**/*.view.lkml
2023-01-26T22:50:31.045718,demand_forecasting.view.lkml,OneViewPerFileRule,1,https://github.com/govirtuo/looker.git,/Users/romainthoyer/Documents/Virtuo/dev/looker/**/*.view.lkml
2023-01-26T22:50:31.045718,demand_forecasting.view.lkml,FilenameViewnameMatchRule,1,https://github.com/govirtuo/looker.git,/Users/romainthoyer/Documents/Virtuo/dev/looker/**/*.view.lkml
2023-01-26T22:50:31.045718,fifo_per_class_outputs.view.lkml,DataSourceRule,1,https://github.com/govirtuo/looker.git,/Users/romainthoyer/Documents/Virtuo/dev/looker/**/*.view.lkml
2023-01-26T22:50:31.045718,fifo_per_class_outputs.view.lkml,OneViewPerFileRule,1,https://github.com/govirtuo/looker.git,/Users/romainthoyer/Documents/Virtuo/dev/looker/**/*.view.lkml
2023-01-26T22:50:31.045718,fifo_per_class_outputs.view.lkml,FilenameViewnameMatchRule,1,https://github.com/govirtuo/looker.git,/Users/romainthoyer/Documents/Virtuo/dev/looker/**/*.view.lkml
2023-01-26T22:50:31.045718,fifo_per_class_plannings.view.lkml,DataSourceRule,1,https://github.com/govirtuo/looker.git,/Users/romainthoyer/Documents/Virtuo/dev/looker/**/*.view.lkml
2023-01-26T22:50:31.045718,fifo_per_class_plannings.view.lkml,OneViewPerFileRule,1,https://github.com/govirtuo/looker.git,/Users/romainthoyer/Documents/Virtuo/dev/looker/**/*.view.lkml
2023-01-26T22:50:31.045718,fifo_per_class_plannings.view.lkml,FilenameViewnameMatchRule,1,https://github.com/govirtuo/looker.git,/Users/romainthoyer/Documents/Virtuo/dev/looker/**/*.view.lkml
2023-01-26T22:50:31.045718,damage_reports.view.lkml,DataSourceRule,1,https://github.com/govirtuo/looker.git,/Users/romainthoyer/Documents/Virtuo/dev/looker/**/*.view.lkml
2023-01-26T22:50:31.045718,damage_reports.view.lkml,OneViewPerFileRule,1,https://github.com/govirtuo/looker.git,/Users/romainthoyer/Documents/Virtuo/dev/looker/**/*.view.lkml
2023-01-26T22:50:31.045718,damage_reports.view.lkml,FilenameViewnameMatchRule,1,https://github.com/govirtuo/looker.git,/Users/romainthoyer/Documents/Virtuo/dev/looker/**/*.view.lkml
2023-01-26T22:50:31.045718,rentals.view.lkml,DataSourceRule,1,https://github.com/govirtuo/looker.git,/Users/romainthoyer/Documents/Virtuo/dev/looker/**/*.view.lkml
2023-01-26T22:50:31.045718,rentals.view.lkml,OneViewPerFileRule,1,https://github.com/govirtuo/looker.git,/Users/romainthoyer/Documents/Virtuo/dev/looker/**/*.view.lkml
2023-01-26T22:50:31.045718,rentals.view.lkml,FilenameViewnameMatchRule,1,https://github.com/govirtuo/looker.git,/Users/romainthoyer/Documents/Virtuo/dev/looker/**/*.view.lkml
2023-01-26T22:50:31.045718,convoy_traces.view.lkml,DataSourceRule,1,https://github.com/govirtuo/looker.git,/Users/romainthoyer/Documents/Virtuo/dev/looker/**/*.view.lkml
2023-01-26T22:50:31.045718,convoy_traces.view.lkml,OneViewPerFileRule,1,https://github.com/govirtuo/looker.git,/Users/romainthoyer/Documents/Virtuo/dev/looker/**/*.view.lkml
2023-01-26T22:50:31.045718,convoy_traces.view.lkml,FilenameViewnameMatchRule,1,https://github.com/govirtuo/looker.git,/Users/romainthoyer/Documents/Virtuo/dev/looker/**/*.view.lkml
2023-01-26T22:50:31.045718,damage_pricing_items.view.lkml,DataSourceRule,1,https://github.com/govirtuo/looker.git,/Users/romainthoyer/Documents/Virtuo/dev/looker/**/*.view.lkml
2023-01-26T22:50:31.045718,damage_pricing_items.view.lkml,OneViewPerFileRule,1,https://github.com/govirtuo/looker.git,/Users/romainthoyer/Documents/Virtuo/dev/looker/**/*.view.lkml
2023-01-26T22:50:31.045718,damage_pricing_items.view.lkml,FilenameViewnameMatchRule,1,https://github.com/govirtuo/looker.git,/Users/romainthoyer/Documents/Virtuo/dev/looker/**/*.view.lkml
2023-01-26T22:50:31.045718,companies.view.lkml,DataSourceRule,1,https://github.com/govirtuo/looker.git,/Users/romainthoyer/Documents/Virtuo/dev/looker/**/*.view.lkml
2023-01-26T22:50:31.045718,companies.view.lkml,OneViewPerFileRule,1,https://github.com/govirtuo/looker.git,/Users/romainthoyer/Documents/Virtuo/dev/looker/**/*.view.lkml
2023-01-26T22:50:31.045718,companies.view.lkml,FilenameViewnameMatchRule,1,https://github.com/govirtuo/looker.git,/Users/romainthoyer/Documents/Virtuo/dev/looker/**/*.view.lkml
2023-01-26T22:50:31.045718,unavailability_states.view.lkml,DataSourceRule,1,https://github.com/govirtuo/looker.git,/Users/romainthoyer/Documents/Virtuo/dev/looker/**/*.view.lkml
2023-01-26T22:50:31.045718,unavailability_states.view.lkml,OneViewPerFileRule,1,https://github.com/govirtuo/looker.git,/Users/romainthoyer/Documents/Virtuo/dev/looker/**/*.view.lkml
2023-01-26T22:50:31.045718,unavailability_states.view.lkml,FilenameViewnameMatchRule,1,https://github.com/govirtuo/looker.git,/Users/romainthoyer/Documents/Virtuo/dev/looker/**/*.view.lkml
2023-01-26T22:50:31.045718,damage_zones.view.lkml,DataSourceRule,1,https://github.com/govirtuo/looker.git,/Users/romainthoyer/Documents/Virtuo/dev/looker/**/*.view.lkml
2023-01-26T22:50:31.045718,damage_zones.view.lkml,OneViewPerFileRule,1,https://github.com/govirtuo/looker.git,/Users/romainthoyer/Documents/Virtuo/dev/looker/**/*.view.lkml
2023-01-26T22:50:31.045718,damage_zones.view.lkml,FilenameViewnameMatchRule,1,https://github.com/govirtuo/looker.git,/Users/romainthoyer/Documents/Virtuo/dev/looker/**/*.view.lkml
2023-01-26T22:50:31.045718,charges_with_canceled.view.lkml,DataSourceRule,1,https://github.com/govirtuo/looker.git,/Users/romainthoyer/Documents/Virtuo/dev/looker/**/*.view.lkml
2023-01-26T22:50:31.045718,charges_with_canceled.view.lkml,OneViewPerFileRule,1,https://github.com/govirtuo/looker.git,/Users/romainthoyer/Documents/Virtuo/dev/looker/**/*.view.lkml
2023-01-26T22:50:31.045718,charges_with_canceled.view.lkml,FilenameViewnameMatchRule,1,https://github.com/govirtuo/looker.git,/Users/romainthoyer/Documents/Virtuo/dev/looker/**/*.view.lkml
2023-01-26T22:50:31.045718,maintenances.view.lkml,DataSourceRule,1,https://github.com/govirtuo/looker.git,/Users/romainthoyer/Documents/Virtuo/dev/looker/**/*.view.lkml
2023-01-26T22:50:31.045718,maintenances.view.lkml,OneViewPerFileRule,1,https://github.com/govirtuo/looker.git,/Users/romainthoyer/Documents/Virtuo/dev/looker/**/*.view.lkml
2023-01-26T22:50:31.045718,maintenances.view.lkml,FilenameViewnameMatchRule,1,https://github.com/govirtuo/looker.git,/Users/romainthoyer/Documents/Virtuo/dev/looker/**/*.view.lkml
2023-01-26T22:50:31.045718,convoys.view.lkml,DataSourceRule,1,https://github.com/govirtuo/looker.git,/Users/romainthoyer/Documents/Virtuo/dev/looker/**/*.view.lkml
2023-01-26T22:50:31.045718,convoys.view.lkml,OneViewPerFileRule,1,https://github.com/govirtuo/looker.git,/Users/romainthoyer/Documents/Virtuo/dev/looker/**/*.view.lkml
2023-01-26T22:50:31.045718,convoys.view.lkml,FilenameViewnameMatchRule,1,https://github.com/govirtuo/looker.git,/Users/romainthoyer/Documents/Virtuo/dev/looker/**/*.view.lkml
2023-01-26T22:50:31.045718,helpcenter.view.lkml,DataSourceRule,1,https://github.com/govirtuo/looker.git,/Users/romainthoyer/Documents/Virtuo/dev/looker/**/*.view.lkml
2023-01-26T22:50:31.045718,helpcenter.view.lkml,OneViewPerFileRule,1,https://github.com/govirtuo/looker.git,/Users/romainthoyer/Documents/Virtuo/dev/looker/**/*.view.lkml
2023-01-26T22:50:31.045718,helpcenter.view.lkml,FilenameViewnameMatchRule,1,https://github.com/govirtuo/looker.git,/Users/romainthoyer/Documents/Virtuo/dev/looker/**/*.view.lkml
2023-01-26T22:50:31.045718,business_invitations.view.lkml,DataSourceRule,1,https://github.com/govirtuo/looker.git,/Users/romainthoyer/Documents/Virtuo/dev/looker/**/*.view.lkml
2023-01-26T22:50:31.045718,business_invitations.view.lkml,OneViewPerFileRule,1,https://github.com/govirtuo/looker.git,/Users/romainthoyer/Documents/Virtuo/dev/looker/**/*.view.lkml
2023-01-26T22:50:31.045718,business_invitations.view.lkml,FilenameViewnameMatchRule,1,https://github.com/govirtuo/looker.git,/Users/romainthoyer/Documents/Virtuo/dev/looker/**/*.view.lkml
2023-01-26T22:50:31.045718,additional_drivers.view.lkml,DataSourceRule,1,https://github.com/govirtuo/looker.git,/Users/romainthoyer/Documents/Virtuo/dev/looker/**/*.view.lkml
2023-01-26T22:50:31.045718,additional_drivers.view.lkml,OneViewPerFileRule,1,https://github.com/govirtuo/looker.git,/Users/romainthoyer/Documents/Virtuo/dev/looker/**/*.view.lkml
2023-01-26T22:50:31.045718,additional_drivers.view.lkml,FilenameViewnameMatchRule,1,https://github.com/govirtuo/looker.git,/Users/romainthoyer/Documents/Virtuo/dev/looker/**/*.view.lkml
2023-01-26T22:50:31.045718,options.view.lkml,DataSourceRule,1,https://github.com/govirtuo/looker.git,/Users/romainthoyer/Documents/Virtuo/dev/looker/**/*.view.lkml
2023-01-26T22:50:31.045718,options.view.lkml,OneViewPerFileRule,1,https://github.com/govirtuo/looker.git,/Users/romainthoyer/Documents/Virtuo/dev/looker/**/*.view.lkml
2023-01-26T22:50:31.045718,options.view.lkml,FilenameViewnameMatchRule,1,https://github.com/govirtuo/looker.git,/Users/romainthoyer/Documents/Virtuo/dev/looker/**/*.view.lkml
2023-01-26T22:50:31.045718,physical_options.view.lkml,DataSourceRule,1,https://github.com/govirtuo/looker.git,/Users/romainthoyer/Documents/Virtuo/dev/looker/**/*.view.lkml
2023-01-26T22:50:31.045718,physical_options.view.lkml,OneViewPerFileRule,1,https://github.com/govirtuo/looker.git,/Users/romainthoyer/Documents/Virtuo/dev/looker/**/*.view.lkml
2023-01-26T22:50:31.045718,physical_options.view.lkml,FilenameViewnameMatchRule,1,https://github.com/govirtuo/looker.git,/Users/romainthoyer/Documents/Virtuo/dev/looker/**/*.view.lkml
2023-01-26T22:50:31.045718,sms.view.lkml,DataSourceRule,1,https://github.com/govirtuo/looker.git,/Users/romainthoyer/Documents/Virtuo/dev/looker/**/*.view.lkml
2023-01-26T22:50:31.045718,sms.view.lkml,OneViewPerFileRule,1,https://github.com/govirtuo/looker.git,/Users/romainthoyer/Documents/Virtuo/dev/looker/**/*.view.lkml
2023-01-26T22:50:31.045718,sms.view.lkml,FilenameViewnameMatchRule,1,https://github.com/govirtuo/looker.git,/Users/romainthoyer/Documents/Virtuo/dev/looker/**/*.view.lkml
2023-01-26T22:50:31.045718,vehicle_funders.view.lkml,DataSourceRule,1,https://github.com/govirtuo/looker.git,/Users/romainthoyer/Documents/Virtuo/dev/looker/**/*.view.lkml
2023-01-26T22:50:31.045718,vehicle_funders.view.lkml,OneViewPerFileRule,1,https://github.com/govirtuo/looker.git,/Users/romainthoyer/Documents/Virtuo/dev/looker/**/*.view.lkml
2023-01-26T22:50:31.045718,vehicle_funders.view.lkml,FilenameViewnameMatchRule,1,https://github.com/govirtuo/looker.git,/Users/romainthoyer/Documents/Virtuo/dev/looker/**/*.view.lkml
2023-01-26T22:50:31.045718,devices.view.lkml,DataSourceRule,1,https://github.com/govirtuo/looker.git,/Users/romainthoyer/Documents/Virtuo/dev/looker/**/*.view.lkml
2023-01-26T22:50:31.045718,devices.view.lkml,OneViewPerFileRule,1,https://github.com/govirtuo/looker.git,/Users/romainthoyer/Documents/Virtuo/dev/looker/**/*.view.lkml
2023-01-26T22:50:31.045718,devices.view.lkml,FilenameViewnameMatchRule,1,https://github.com/govirtuo/looker.git,/Users/romainthoyer/Documents/Virtuo/dev/looker/**/*.view.lkml
2023-01-26T22:50:31.045718,credits.view.lkml,DataSourceRule,1,https://github.com/govirtuo/looker.git,/Users/romainthoyer/Documents/Virtuo/dev/looker/**/*.view.lkml
2023-01-26T22:50:31.045718,credits.view.lkml,OneViewPerFileRule,1,https://github.com/govirtuo/looker.git,/Users/romainthoyer/Documents/Virtuo/dev/looker/**/*.view.lkml
2023-01-26T22:50:31.045718,credits.view.lkml,FilenameViewnameMatchRule,1,https://github.com/govirtuo/looker.git,/Users/romainthoyer/Documents/Virtuo/dev/looker/**/*.view.lkml
2023-01-26T22:50:31.045718,expert_price_grids.view.lkml,DataSourceRule,1,https://github.com/govirtuo/looker.git,/Users/romainthoyer/Documents/Virtuo/dev/looker/**/*.view.lkml
2023-01-26T22:50:31.045718,expert_price_grids.view.lkml,OneViewPerFileRule,1,https://github.com/govirtuo/looker.git,/Users/romainthoyer/Documents/Virtuo/dev/looker/**/*.view.lkml
2023-01-26T22:50:31.045718,expert_price_grids.view.lkml,FilenameViewnameMatchRule,1,https://github.com/govirtuo/looker.git,/Users/romainthoyer/Documents/Virtuo/dev/looker/**/*.view.lkml
2023-01-26T22:50:31.045718,provider_vehicles.view.lkml,DataSourceRule,1,https://github.com/govirtuo/looker.git,/Users/romainthoyer/Documents/Virtuo/dev/looker/**/*.view.lkml
2023-01-26T22:50:31.045718,provider_vehicles.view.lkml,OneViewPerFileRule,1,https://github.com/govirtuo/looker.git,/Users/romainthoyer/Documents/Virtuo/dev/looker/**/*.view.lkml
2023-01-26T22:50:31.045718,provider_vehicles.view.lkml,FilenameViewnameMatchRule,1,https://github.com/govirtuo/looker.git,/Users/romainthoyer/Documents/Virtuo/dev/looker/**/*.view.lkml
2023-01-26T22:50:31.045718,advertising.view.lkml,DataSourceRule,1,https://github.com/govirtuo/looker.git,/Users/romainthoyer/Documents/Virtuo/dev/looker/**/*.view.lkml
2023-01-26T22:50:31.045718,advertising.view.lkml,OneViewPerFileRule,1,https://github.com/govirtuo/looker.git,/Users/romainthoyer/Documents/Virtuo/dev/looker/**/*.view.lkml
2023-01-26T22:50:31.045718,advertising.view.lkml,FilenameViewnameMatchRule,1,https://github.com/govirtuo/looker.git,/Users/romainthoyer/Documents/Virtuo/dev/looker/**/*.view.lkml
2023-01-26T22:50:31.045718,agglomerations.view.lkml,DataSourceRule,1,https://github.com/govirtuo/looker.git,/Users/romainthoyer/Documents/Virtuo/dev/looker/**/*.view.lkml
2023-01-26T22:50:31.045718,agglomerations.view.lkml,OneViewPerFileRule,1,https://github.com/govirtuo/looker.git,/Users/romainthoyer/Documents/Virtuo/dev/looker/**/*.view.lkml
2023-01-26T22:50:31.045718,agglomerations.view.lkml,FilenameViewnameMatchRule,1,https://github.com/govirtuo/looker.git,/Users/romainthoyer/Documents/Virtuo/dev/looker/**/*.view.lkml
2023-01-26T22:50:31.045718,found_items.view.lkml,DataSourceRule,1,https://github.com/govirtuo/looker.git,/Users/romainthoyer/Documents/Virtuo/dev/looker/**/*.view.lkml
2023-01-26T22:50:31.045718,found_items.view.lkml,OneViewPerFileRule,1,https://github.com/govirtuo/looker.git,/Users/romainthoyer/Documents/Virtuo/dev/looker/**/*.view.lkml
2023-01-26T22:50:31.045718,found_items.view.lkml,FilenameViewnameMatchRule,1,https://github.com/govirtuo/looker.git,/Users/romainthoyer/Documents/Virtuo/dev/looker/**/*.view.lkml
2023-01-26T22:50:31.045718,main_review_items.view.lkml,DataSourceRule,1,https://github.com/govirtuo/looker.git,/Users/romainthoyer/Documents/Virtuo/dev/looker/**/*.view.lkml
2023-01-26T22:50:31.045718,main_review_items.view.lkml,OneViewPerFileRule,1,https://github.com/govirtuo/looker.git,/Users/romainthoyer/Documents/Virtuo/dev/looker/**/*.view.lkml
2023-01-26T22:50:31.045718,main_review_items.view.lkml,FilenameViewnameMatchRule,1,https://github.com/govirtuo/looker.git,/Users/romainthoyer/Documents/Virtuo/dev/looker/**/*.view.lkml
2023-01-26T22:50:31.045718,physical_options_carmodel_associations.view.lkml,DataSourceRule,1,https://github.com/govirtuo/looker.git,/Users/romainthoyer/Documents/Virtuo/dev/looker/**/*.view.lkml
2023-01-26T22:50:31.045718,physical_options_carmodel_associations.view.lkml,OneViewPerFileRule,1,https://github.com/govirtuo/looker.git,/Users/romainthoyer/Documents/Virtuo/dev/looker/**/*.view.lkml
2023-01-26T22:50:31.045718,physical_options_carmodel_associations.view.lkml,FilenameViewnameMatchRule,1,https://github.com/govirtuo/looker.git,/Users/romainthoyer/Documents/Virtuo/dev/looker/**/*.view.lkml
2023-01-26T22:50:31.045718,damages.view.lkml,DataSourceRule,1,https://github.com/govirtuo/looker.git,/Users/romainthoyer/Documents/Virtuo/dev/looker/**/*.view.lkml
2023-01-26T22:50:31.045718,damages.view.lkml,OneViewPerFileRule,1,https://github.com/govirtuo/looker.git,/Users/romainthoyer/Documents/Virtuo/dev/looker/**/*.view.lkml
2023-01-26T22:50:31.045718,damages.view.lkml,FilenameViewnameMatchRule,1,https://github.com/govirtuo/looker.git,/Users/romainthoyer/Documents/Virtuo/dev/looker/**/*.view.lkml
2023-01-26T22:50:31.045718,notifications.view.lkml,DataSourceRule,1,https://github.com/govirtuo/looker.git,/Users/romainthoyer/Documents/Virtuo/dev/looker/**/*.view.lkml
2023-01-26T22:50:31.045718,notifications.view.lkml,OneViewPerFileRule,1,https://github.com/govirtuo/looker.git,/Users/romainthoyer/Documents/Virtuo/dev/looker/**/*.view.lkml
2023-01-26T22:50:31.045718,notifications.view.lkml,FilenameViewnameMatchRule,1,https://github.com/govirtuo/looker.git,/Users/romainthoyer/Documents/Virtuo/dev/looker/**/*.view.lkml
2023-01-26T22:50:31.045718,damage_types.view.lkml,DataSourceRule,1,https://github.com/govirtuo/looker.git,/Users/romainthoyer/Documents/Virtuo/dev/looker/**/*.view.lkml
2023-01-26T22:50:31.045718,damage_types.view.lkml,OneViewPerFileRule,1,https://github.com/govirtuo/looker.git,/Users/romainthoyer/Documents/Virtuo/dev/looker/**/*.view.lkml
2023-01-26T22:50:31.045718,damage_types.view.lkml,FilenameViewnameMatchRule,1,https://github.com/govirtuo/looker.git,/Users/romainthoyer/Documents/Virtuo/dev/looker/**/*.view.lkml
2023-01-26T22:50:31.045718,vehicle_order_sequence.view.lkml,DataSourceRule,1,https://github.com/govirtuo/looker.git,/Users/romainthoyer/Documents/Virtuo/dev/looker/**/*.view.lkml
2023-01-26T22:50:31.045718,vehicle_order_sequence.view.lkml,OneViewPerFileRule,1,https://github.com/govirtuo/looker.git,/Users/romainthoyer/Documents/Virtuo/dev/looker/**/*.view.lkml
2023-01-26T22:50:31.045718,vehicle_order_sequence.view.lkml,FilenameViewnameMatchRule,1,https://github.com/govirtuo/looker.git,/Users/romainthoyer/Documents/Virtuo/dev/looker/**/*.view.lkml
2023-01-26T22:50:31.045718,vehicles.view.lkml,DataSourceRule,1,https://github.com/govirtuo/looker.git,/Users/romainthoyer/Documents/Virtuo/dev/looker/**/*.view.lkml
2023-01-26T22:50:31.045718,vehicles.view.lkml,OneViewPerFileRule,1,https://github.com/govirtuo/looker.git,/Users/romainthoyer/Documents/Virtuo/dev/looker/**/*.view.lkml
2023-01-26T22:50:31.045718,vehicles.view.lkml,FilenameViewnameMatchRule,1,https://github.com/govirtuo/looker.git,/Users/romainthoyer/Documents/Virtuo/dev/looker/**/*.view.lkml
2023-01-26T22:50:31.045718,charges.view.lkml,DataSourceRule,1,https://github.com/govirtuo/looker.git,/Users/romainthoyer/Documents/Virtuo/dev/looker/**/*.view.lkml
2023-01-26T22:50:31.045718,charges.view.lkml,OneViewPerFileRule,1,https://github.com/govirtuo/looker.git,/Users/romainthoyer/Documents/Virtuo/dev/looker/**/*.view.lkml
2023-01-26T22:50:31.045718,charges.view.lkml,FilenameViewnameMatchRule,1,https://github.com/govirtuo/looker.git,/Users/romainthoyer/Documents/Virtuo/dev/looker/**/*.view.lkml
2023-01-26T22:50:31.045718,users.view.lkml,DataSourceRule,1,https://github.com/govirtuo/looker.git,/Users/romainthoyer/Documents/Virtuo/dev/looker/**/*.view.lkml
2023-01-26T22:50:31.045718,users.view.lkml,OneViewPerFileRule,1,https://github.com/govirtuo/looker.git,/Users/romainthoyer/Documents/Virtuo/dev/looker/**/*.view.lkml
2023-01-26T22:50:31.045718,users.view.lkml,FilenameViewnameMatchRule,1,https://github.com/govirtuo/looker.git,/Users/romainthoyer/Documents/Virtuo/dev/looker/**/*.view.lkml
2023-01-26T22:50:31.045718,booking_traces.view.lkml,DataSourceRule,1,https://github.com/govirtuo/looker.git,/Users/romainthoyer/Documents/Virtuo/dev/looker/**/*.view.lkml
2023-01-26T22:50:31.045718,booking_traces.view.lkml,OneViewPerFileRule,1,https://github.com/govirtuo/looker.git,/Users/romainthoyer/Documents/Virtuo/dev/looker/**/*.view.lkml
2023-01-26T22:50:31.045718,booking_traces.view.lkml,FilenameViewnameMatchRule,1,https://github.com/govirtuo/looker.git,/Users/romainthoyer/Documents/Virtuo/dev/looker/**/*.view.lkml
2023-01-26T22:50:31.045718,intents.view.lkml,DataSourceRule,1,https://github.com/govirtuo/looker.git,/Users/romainthoyer/Documents/Virtuo/dev/looker/**/*.view.lkml
2023-01-26T22:50:31.045718,intents.view.lkml,OneViewPerFileRule,1,https://github.com/govirtuo/looker.git,/Users/romainthoyer/Documents/Virtuo/dev/looker/**/*.view.lkml
2023-01-26T22:50:31.045718,intents.view.lkml,FilenameViewnameMatchRule,1,https://github.com/govirtuo/looker.git,/Users/romainthoyer/Documents/Virtuo/dev/looker/**/*.view.lkml
2023-01-26T22:50:31.045718,badges.view.lkml,DataSourceRule,1,https://github.com/govirtuo/looker.git,/Users/romainthoyer/Documents/Virtuo/dev/looker/**/*.view.lkml
2023-01-26T22:50:31.045718,badges.view.lkml,OneViewPerFileRule,1,https://github.com/govirtuo/looker.git,/Users/romainthoyer/Documents/Virtuo/dev/looker/**/*.view.lkml
2023-01-26T22:50:31.045718,badges.view.lkml,FilenameViewnameMatchRule,1,https://github.com/govirtuo/looker.git,/Users/romainthoyer/Documents/Virtuo/dev/looker/**/*.view.lkml
2023-01-26T22:50:31.045718,countries.view.lkml,DataSourceRule,1,https://github.com/govirtuo/looker.git,/Users/romainthoyer/Documents/Virtuo/dev/looker/**/*.view.lkml
2023-01-26T22:50:31.045718,countries.view.lkml,OneViewPerFileRule,1,https://github.com/govirtuo/looker.git,/Users/romainthoyer/Documents/Virtuo/dev/looker/**/*.view.lkml
2023-01-26T22:50:31.045718,countries.view.lkml,FilenameViewnameMatchRule,1,https://github.com/govirtuo/looker.git,/Users/romainthoyer/Documents/Virtuo/dev/looker/**/*.view.lkml
2023-01-26T22:50:31.045718,invoices.view.lkml,DataSourceRule,1,https://github.com/govirtuo/looker.git,/Users/romainthoyer/Documents/Virtuo/dev/looker/**/*.view.lkml
2023-01-26T22:50:31.045718,invoices.view.lkml,OneViewPerFileRule,1,https://github.com/govirtuo/looker.git,/Users/romainthoyer/Documents/Virtuo/dev/looker/**/*.view.lkml
2023-01-26T22:50:31.045718,invoices.view.lkml,FilenameViewnameMatchRule,1,https://github.com/govirtuo/looker.git,/Users/romainthoyer/Documents/Virtuo/dev/looker/**/*.view.lkml
2023-01-26T22:50:31.045718,booking_order_sequence.view.lkml,DataSourceRule,1,https://github.com/govirtuo/looker.git,/Users/romainthoyer/Documents/Virtuo/dev/looker/**/*.view.lkml
2023-01-26T22:50:31.045718,booking_order_sequence.view.lkml,OneViewPerFileRule,1,https://github.com/govirtuo/looker.git,/Users/romainthoyer/Documents/Virtuo/dev/looker/**/*.view.lkml
2023-01-26T22:50:31.045718,booking_order_sequence.view.lkml,FilenameViewnameMatchRule,1,https://github.com/govirtuo/looker.git,/Users/romainthoyer/Documents/Virtuo/dev/looker/**/*.view.lkml
2023-01-26T22:50:31.045718,damage_repair_insurances.view.lkml,DataSourceRule,1,https://github.com/govirtuo/looker.git,/Users/romainthoyer/Documents/Virtuo/dev/looker/**/*.view.lkml
2023-01-26T22:50:31.045718,damage_repair_insurances.view.lkml,OneViewPerFileRule,1,https://github.com/govirtuo/looker.git,/Users/romainthoyer/Documents/Virtuo/dev/looker/**/*.view.lkml
2023-01-26T22:50:31.045718,damage_repair_insurances.view.lkml,FilenameViewnameMatchRule,1,https://github.com/govirtuo/looker.git,/Users/romainthoyer/Documents/Virtuo/dev/looker/**/*.view.lkml
2023-01-26T22:50:31.045718,intents_bookings_join.view.lkml,DataSourceRule,1,https://github.com/govirtuo/looker.git,/Users/romainthoyer/Documents/Virtuo/dev/looker/**/*.view.lkml
2023-01-26T22:50:31.045718,intents_bookings_join.view.lkml,OneViewPerFileRule,1,https://github.com/govirtuo/looker.git,/Users/romainthoyer/Documents/Virtuo/dev/looker/**/*.view.lkml
2023-01-26T22:50:31.045718,intents_bookings_join.view.lkml,FilenameViewnameMatchRule,1,https://github.com/govirtuo/looker.git,/Users/romainthoyer/Documents/Virtuo/dev/looker/**/*.view.lkml
2023-01-26T22:50:31.045718,damage_traces.view.lkml,DataSourceRule,1,https://github.com/govirtuo/looker.git,/Users/romainthoyer/Documents/Virtuo/dev/looker/**/*.view.lkml
2023-01-26T22:50:31.045718,damage_traces.view.lkml,OneViewPerFileRule,1,https://github.com/govirtuo/looker.git,/Users/romainthoyer/Documents/Virtuo/dev/looker/**/*.view.lkml
2023-01-26T22:50:31.045718,damage_traces.view.lkml,FilenameViewnameMatchRule,1,https://github.com/govirtuo/looker.git,/Users/romainthoyer/Documents/Virtuo/dev/looker/**/*.view.lkml
2023-01-26T22:50:31.045718,tolls.view.lkml,DataSourceRule,1,https://github.com/govirtuo/looker.git,/Users/romainthoyer/Documents/Virtuo/dev/looker/**/*.view.lkml
2023-01-26T22:50:31.045718,tolls.view.lkml,OneViewPerFileRule,1,https://github.com/govirtuo/looker.git,/Users/romainthoyer/Documents/Virtuo/dev/looker/**/*.view.lkml
2023-01-26T22:50:31.045718,tolls.view.lkml,FilenameViewnameMatchRule,1,https://github.com/govirtuo/looker.git,/Users/romainthoyer/Documents/Virtuo/dev/looker/**/*.view.lkml
2023-01-26T22:50:31.045718,pricings.view.lkml,DataSourceRule,1,https://github.com/govirtuo/looker.git,/Users/romainthoyer/Documents/Virtuo/dev/looker/**/*.view.lkml
2023-01-26T22:50:31.045718,pricings.view.lkml,OneViewPerFileRule,1,https://github.com/govirtuo/looker.git,/Users/romainthoyer/Documents/Virtuo/dev/looker/**/*.view.lkml
2023-01-26T22:50:31.045718,pricings.view.lkml,FilenameViewnameMatchRule,1,https://github.com/govirtuo/looker.git,/Users/romainthoyer/Documents/Virtuo/dev/looker/**/*.view.lkml
2023-01-26T22:50:31.045718,bookings.view.lkml,DataSourceRule,1,https://github.com/govirtuo/looker.git,/Users/romainthoyer/Documents/Virtuo/dev/looker/**/*.view.lkml
2023-01-26T22:50:31.045718,bookings.view.lkml,OneViewPerFileRule,1,https://github.com/govirtuo/looker.git,/Users/romainthoyer/Documents/Virtuo/dev/looker/**/*.view.lkml
2023-01-26T22:50:31.045718,bookings.view.lkml,FilenameViewnameMatchRule,1,https://github.com/govirtuo/looker.git,/Users/romainthoyer/Documents/Virtuo/dev/looker/**/*.view.lkml
2023-01-26T22:50:31.045718,unavailabilities.view.lkml,DataSourceRule,1,https://github.com/govirtuo/looker.git,/Users/romainthoyer/Documents/Virtuo/dev/looker/**/*.view.lkml
2023-01-26T22:50:31.045718,unavailabilities.view.lkml,OneViewPerFileRule,1,https://github.com/govirtuo/looker.git,/Users/romainthoyer/Documents/Virtuo/dev/looker/**/*.view.lkml
2023-01-26T22:50:31.045718,unavailabilities.view.lkml,FilenameViewnameMatchRule,1,https://github.com/govirtuo/looker.git,/Users/romainthoyer/Documents/Virtuo/dev/looker/**/*.view.lkml
2023-01-26T22:50:31.045718,damage_repair_suppliers.view.lkml,DataSourceRule,1,https://github.com/govirtuo/looker.git,/Users/romainthoyer/Documents/Virtuo/dev/looker/**/*.view.lkml
2023-01-26T22:50:31.045718,damage_repair_suppliers.view.lkml,OneViewPerFileRule,1,https://github.com/govirtuo/looker.git,/Users/romainthoyer/Documents/Virtuo/dev/looker/**/*.view.lkml
2023-01-26T22:50:31.045718,damage_repair_suppliers.view.lkml,FilenameViewnameMatchRule,1,https://github.com/govirtuo/looker.git,/Users/romainthoyer/Documents/Virtuo/dev/looker/**/*.view.lkml
2023-01-26T22:50:31.045718,traces.view.lkml,DataSourceRule,1,https://github.com/govirtuo/looker.git,/Users/romainthoyer/Documents/Virtuo/dev/looker/**/*.view.lkml
2023-01-26T22:50:31.045718,traces.view.lkml,OneViewPerFileRule,1,https://github.com/govirtuo/looker.git,/Users/romainthoyer/Documents/Virtuo/dev/looker/**/*.view.lkml
2023-01-26T22:50:31.045718,traces.view.lkml,FilenameViewnameMatchRule,1,https://github.com/govirtuo/looker.git,/Users/romainthoyer/Documents/Virtuo/dev/looker/**/*.view.lkml
2023-01-26T22:50:31.045718,dnc_delivery_zones.view.lkml,DataSourceRule,1,https://github.com/govirtuo/looker.git,/Users/romainthoyer/Documents/Virtuo/dev/looker/**/*.view.lkml
2023-01-26T22:50:31.045718,dnc_delivery_zones.view.lkml,OneViewPerFileRule,1,https://github.com/govirtuo/looker.git,/Users/romainthoyer/Documents/Virtuo/dev/looker/**/*.view.lkml
2023-01-26T22:50:31.045718,dnc_delivery_zones.view.lkml,FilenameViewnameMatchRule,1,https://github.com/govirtuo/looker.git,/Users/romainthoyer/Documents/Virtuo/dev/looker/**/*.view.lkml
2023-01-26T22:50:31.045718,notification_tokens.view.lkml,DataSourceRule,1,https://github.com/govirtuo/looker.git,/Users/romainthoyer/Documents/Virtuo/dev/looker/**/*.view.lkml
2023-01-26T22:50:31.045718,notification_tokens.view.lkml,OneViewPerFileRule,1,https://github.com/govirtuo/looker.git,/Users/romainthoyer/Documents/Virtuo/dev/looker/**/*.view.lkml
2023-01-26T22:50:31.045718,notification_tokens.view.lkml,FilenameViewnameMatchRule,1,https://github.com/govirtuo/looker.git,/Users/romainthoyer/Documents/Virtuo/dev/looker/**/*.view.lkml
2023-01-26T22:50:31.045718,keys.view.lkml,DataSourceRule,1,https://github.com/govirtuo/looker.git,/Users/romainthoyer/Documents/Virtuo/dev/looker/**/*.view.lkml
2023-01-26T22:50:31.045718,keys.view.lkml,OneViewPerFileRule,1,https://github.com/govirtuo/looker.git,/Users/romainthoyer/Documents/Virtuo/dev/looker/**/*.view.lkml
2023-01-26T22:50:31.045718,keys.view.lkml,FilenameViewnameMatchRule,1,https://github.com/govirtuo/looker.git,/Users/romainthoyer/Documents/Virtuo/dev/looker/**/*.view.lkml
2023-01-26T22:50:31.045718,bookings_split_per_day.view.lkml,DataSourceRule,1,https://github.com/govirtuo/looker.git,/Users/romainthoyer/Documents/Virtuo/dev/looker/**/*.view.lkml
2023-01-26T22:50:31.045718,bookings_split_per_day.view.lkml,OneViewPerFileRule,1,https://github.com/govirtuo/looker.git,/Users/romainthoyer/Documents/Virtuo/dev/looker/**/*.view.lkml
2023-01-26T22:50:31.045718,bookings_split_per_day.view.lkml,FilenameViewnameMatchRule,1,https://github.com/govirtuo/looker.git,/Users/romainthoyer/Documents/Virtuo/dev/looker/**/*.view.lkml
2023-01-26T22:50:31.045718,review_items.view.lkml,DataSourceRule,1,https://github.com/govirtuo/looker.git,/Users/romainthoyer/Documents/Virtuo/dev/looker/**/*.view.lkml
2023-01-26T22:50:31.045718,review_items.view.lkml,OneViewPerFileRule,1,https://github.com/govirtuo/looker.git,/Users/romainthoyer/Documents/Virtuo/dev/looker/**/*.view.lkml
2023-01-26T22:50:31.045718,review_items.view.lkml,FilenameViewnameMatchRule,1,https://github.com/govirtuo/looker.git,/Users/romainthoyer/Documents/Virtuo/dev/looker/**/*.view.lkml
2023-01-26T22:50:31.045718,carmodels.view.lkml,DataSourceRule,1,https://github.com/govirtuo/looker.git,/Users/romainthoyer/Documents/Virtuo/dev/looker/**/*.view.lkml
2023-01-26T22:50:31.045718,carmodels.view.lkml,OneViewPerFileRule,1,https://github.com/govirtuo/looker.git,/Users/romainthoyer/Documents/Virtuo/dev/looker/**/*.view.lkml
2023-01-26T22:50:31.045718,carmodels.view.lkml,FilenameViewnameMatchRule,1,https://github.com/govirtuo/looker.git,/Users/romainthoyer/Documents/Virtuo/dev/looker/**/*.view.lkml
2023-01-26T22:50:31.045718,shared_devices.view.lkml,DataSourceRule,1,https://github.com/govirtuo/looker.git,/Users/romainthoyer/Documents/Virtuo/dev/looker/**/*.view.lkml
2023-01-26T22:50:31.045718,shared_devices.view.lkml,OneViewPerFileRule,1,https://github.com/govirtuo/looker.git,/Users/romainthoyer/Documents/Virtuo/dev/looker/**/*.view.lkml
2023-01-26T22:50:31.045718,shared_devices.view.lkml,FilenameViewnameMatchRule,1,https://github.com/govirtuo/looker.git,/Users/romainthoyer/Documents/Virtuo/dev/looker/**/*.view.lkml
2023-01-26T22:50:31.045718,infringements_report.view.lkml,DataSourceRule,1,https://github.com/govirtuo/looker.git,/Users/romainthoyer/Documents/Virtuo/dev/looker/**/*.view.lkml
2023-01-26T22:50:31.045718,infringements_report.view.lkml,OneViewPerFileRule,1,https://github.com/govirtuo/looker.git,/Users/romainthoyer/Documents/Virtuo/dev/looker/**/*.view.lkml
2023-01-26T22:50:31.045718,infringements_report.view.lkml,FilenameViewnameMatchRule,1,https://github.com/govirtuo/looker.git,/Users/romainthoyer/Documents/Virtuo/dev/looker/**/*.view.lkml
2023-01-26T22:50:31.045718,vouchers.view.lkml,DataSourceRule,1,https://github.com/govirtuo/looker.git,/Users/romainthoyer/Documents/Virtuo/dev/looker/**/*.view.lkml
2023-01-26T22:50:31.045718,vouchers.view.lkml,OneViewPerFileRule,1,https://github.com/govirtuo/looker.git,/Users/romainthoyer/Documents/Virtuo/dev/looker/**/*.view.lkml
2023-01-26T22:50:31.045718,vouchers.view.lkml,FilenameViewnameMatchRule,1,https://github.com/govirtuo/looker.git,/Users/romainthoyer/Documents/Virtuo/dev/looker/**/*.view.lkml
2023-01-26T22:50:31.045718,expert_job_categories.view.lkml,DataSourceRule,1,https://github.com/govirtuo/looker.git,/Users/romainthoyer/Documents/Virtuo/dev/looker/**/*.view.lkml
2023-01-26T22:50:31.045718,expert_job_categories.view.lkml,OneViewPerFileRule,1,https://github.com/govirtuo/looker.git,/Users/romainthoyer/Documents/Virtuo/dev/looker/**/*.view.lkml
2023-01-26T22:50:31.045718,expert_job_categories.view.lkml,FilenameViewnameMatchRule,1,https://github.com/govirtuo/looker.git,/Users/romainthoyer/Documents/Virtuo/dev/looker/**/*.view.lkml
2023-01-26T22:50:31.045718,syntheses.view.lkml,DataSourceRule,1,https://github.com/govirtuo/looker.git,/Users/romainthoyer/Documents/Virtuo/dev/looker/**/*.view.lkml
2023-01-26T22:50:31.045718,syntheses.view.lkml,OneViewPerFileRule,1,https://github.com/govirtuo/looker.git,/Users/romainthoyer/Documents/Virtuo/dev/looker/**/*.view.lkml
2023-01-26T22:50:31.045718,syntheses.view.lkml,FilenameViewnameMatchRule,1,https://github.com/govirtuo/looker.git,/Users/romainthoyer/Documents/Virtuo/dev/looker/**/*.view.lkml
2023-01-26T22:50:31.045718,bookings_split_per_day_with_canceled.view.lkml,DataSourceRule,1,https://github.com/govirtuo/looker.git,/Users/romainthoyer/Documents/Virtuo/dev/looker/**/*.view.lkml
2023-01-26T22:50:31.045718,bookings_split_per_day_with_canceled.view.lkml,OneViewPerFileRule,1,https://github.com/govirtuo/looker.git,/Users/romainthoyer/Documents/Virtuo/dev/looker/**/*.view.lkml
2023-01-26T22:50:31.045718,bookings_split_per_day_with_canceled.view.lkml,FilenameViewnameMatchRule,1,https://github.com/govirtuo/looker.git,/Users/romainthoyer/Documents/Virtuo/dev/looker/**/*.view.lkml
2023-01-26T22:50:31.045718,interventions.view.lkml,DataSourceRule,1,https://github.com/govirtuo/looker.git,/Users/romainthoyer/Documents/Virtuo/dev/looker/**/*.view.lkml
2023-01-26T22:50:31.045718,interventions.view.lkml,OneViewPerFileRule,1,https://github.com/govirtuo/looker.git,/Users/romainthoyer/Documents/Virtuo/dev/looker/**/*.view.lkml
2023-01-26T22:50:31.045718,interventions.view.lkml,FilenameViewnameMatchRule,1,https://github.com/govirtuo/looker.git,/Users/romainthoyer/Documents/Virtuo/dev/looker/**/*.view.lkml
2023-01-26T22:50:31.045718,damage_repairs.view.lkml,DataSourceRule,1,https://github.com/govirtuo/looker.git,/Users/romainthoyer/Documents/Virtuo/dev/looker/**/*.view.lkml
2023-01-26T22:50:31.045718,damage_repairs.view.lkml,OneViewPerFileRule,1,https://github.com/govirtuo/looker.git,/Users/romainthoyer/Documents/Virtuo/dev/looker/**/*.view.lkml
2023-01-26T22:50:31.045718,damage_repairs.view.lkml,FilenameViewnameMatchRule,1,https://github.com/govirtuo/looker.git,/Users/romainthoyer/Documents/Virtuo/dev/looker/**/*.view.lkml
2023-01-26T22:50:31.045718,corporations.view.lkml,DataSourceRule,1,https://github.com/govirtuo/looker.git,/Users/romainthoyer/Documents/Virtuo/dev/looker/**/*.view.lkml
2023-01-26T22:50:31.045718,corporations.view.lkml,OneViewPerFileRule,1,https://github.com/govirtuo/looker.git,/Users/romainthoyer/Documents/Virtuo/dev/looker/**/*.view.lkml
2023-01-26T22:50:31.045718,corporations.view.lkml,FilenameViewnameMatchRule,1,https://github.com/govirtuo/looker.git,/Users/romainthoyer/Documents/Virtuo/dev/looker/**/*.view.lkml
2023-01-26T22:50:31.045718,credit_items.view.lkml,DataSourceRule,1,https://github.com/govirtuo/looker.git,/Users/romainthoyer/Documents/Virtuo/dev/looker/**/*.view.lkml
2023-01-26T22:50:31.045718,credit_items.view.lkml,OneViewPerFileRule,1,https://github.com/govirtuo/looker.git,/Users/romainthoyer/Documents/Virtuo/dev/looker/**/*.view.lkml
2023-01-26T22:50:31.045718,credit_items.view.lkml,FilenameViewnameMatchRule,1,https://github.com/govirtuo/looker.git,/Users/romainthoyer/Documents/Virtuo/dev/looker/**/*.view.lkml
2023-01-26T22:50:31.045718,vehicle_documents.view.lkml,DataSourceRule,1,https://github.com/govirtuo/looker.git,/Users/romainthoyer/Documents/Virtuo/dev/looker/**/*.view.lkml
2023-01-26T22:50:31.045718,vehicle_documents.view.lkml,OneViewPerFileRule,1,https://github.com/govirtuo/looker.git,/Users/romainthoyer/Documents/Virtuo/dev/looker/**/*.view.lkml
2023-01-26T22:50:31.045718,vehicle_documents.view.lkml,FilenameViewnameMatchRule,1,https://github.com/govirtuo/looker.git,/Users/romainthoyer/Documents/Virtuo/dev/looker/**/*.view.lkml
2023-01-26T22:50:31.045718,damage_repair_invoices.view.lkml,DataSourceRule,1,https://github.com/govirtuo/looker.git,/Users/romainthoyer/Documents/Virtuo/dev/looker/**/*.view.lkml
2023-01-26T22:50:31.045718,damage_repair_invoices.view.lkml,OneViewPerFileRule,1,https://github.com/govirtuo/looker.git,/Users/romainthoyer/Documents/Virtuo/dev/looker/**/*.view.lkml
2023-01-26T22:50:31.045718,damage_repair_invoices.view.lkml,FilenameViewnameMatchRule,1,https://github.com/govirtuo/looker.git,/Users/romainthoyer/Documents/Virtuo/dev/looker/**/*.view.lkml
2023-01-26T22:50:31.045718,locations.view.lkml,DataSourceRule,1,https://github.com/govirtuo/looker.git,/Users/romainthoyer/Documents/Virtuo/dev/looker/**/*.view.lkml
2023-01-26T22:50:31.045718,locations.view.lkml,OneViewPerFileRule,1,https://github.com/govirtuo/looker.git,/Users/romainthoyer/Documents/Virtuo/dev/looker/**/*.view.lkml
2023-01-26T22:50:31.045718,locations.view.lkml,FilenameViewnameMatchRule,1,https://github.com/govirtuo/looker.git,/Users/romainthoyer/Documents/Virtuo/dev/looker/**/*.view.lkml
2023-01-26T22:50:31.045718,location_accesses.view.lkml,DataSourceRule,1,https://github.com/govirtuo/looker.git,/Users/romainthoyer/Documents/Virtuo/dev/looker/**/*.view.lkml
2023-01-26T22:50:31.045718,location_accesses.view.lkml,OneViewPerFileRule,1,https://github.com/govirtuo/looker.git,/Users/romainthoyer/Documents/Virtuo/dev/looker/**/*.view.lkml
2023-01-26T22:50:31.045718,location_accesses.view.lkml,FilenameViewnameMatchRule,1,https://github.com/govirtuo/looker.git,/Users/romainthoyer/Documents/Virtuo/dev/looker/**/*.view.lkml
2023-01-26T22:50:31.045718,soldo_transactions.view.lkml,DataSourceRule,1,https://github.com/govirtuo/looker.git,/Users/romainthoyer/Documents/Virtuo/dev/looker/**/*.view.lkml
2023-01-26T22:50:31.045718,soldo_transactions.view.lkml,OneViewPerFileRule,1,https://github.com/govirtuo/looker.git,/Users/romainthoyer/Documents/Virtuo/dev/looker/**/*.view.lkml
2023-01-26T22:50:31.045718,soldo_transactions.view.lkml,FilenameViewnameMatchRule,1,https://github.com/govirtuo/looker.git,/Users/romainthoyer/Documents/Virtuo/dev/looker/**/*.view.lkml
2023-01-26T22:50:31.045718,soldo_cards.view.lkml,DataSourceRule,1,https://github.com/govirtuo/looker.git,/Users/romainthoyer/Documents/Virtuo/dev/looker/**/*.view.lkml
2023-01-26T22:50:31.045718,soldo_cards.view.lkml,OneViewPerFileRule,1,https://github.com/govirtuo/looker.git,/Users/romainthoyer/Documents/Virtuo/dev/looker/**/*.view.lkml
2023-01-26T22:50:31.045718,soldo_cards.view.lkml,FilenameViewnameMatchRule,1,https://github.com/govirtuo/looker.git,/Users/romainthoyer/Documents/Virtuo/dev/looker/**/*.view.lkml
2023-01-26T22:50:31.045718,soldo_transaction_attachments.view.lkml,DataSourceRule,1,https://github.com/govirtuo/looker.git,/Users/romainthoyer/Documents/Virtuo/dev/looker/**/*.view.lkml
2023-01-26T22:50:31.045718,soldo_transaction_attachments.view.lkml,OneViewPerFileRule,1,https://github.com/govirtuo/looker.git,/Users/romainthoyer/Documents/Virtuo/dev/looker/**/*.view.lkml
2023-01-26T22:50:31.045718,soldo_transaction_attachments.view.lkml,FilenameViewnameMatchRule,1,https://github.com/govirtuo/looker.git,/Users/romainthoyer/Documents/Virtuo/dev/looker/**/*.view.lkml
2023-01-26T22:50:31.045718,company_pricing_periods.view.lkml,DataSourceRule,1,https://github.com/govirtuo/looker.git,/Users/romainthoyer/Documents/Virtuo/dev/looker/**/*.view.lkml
2023-01-26T22:50:31.045718,company_pricing_periods.view.lkml,OneViewPerFileRule,1,https://github.com/govirtuo/looker.git,/Users/romainthoyer/Documents/Virtuo/dev/looker/**/*.view.lkml
2023-01-26T22:50:31.045718,company_pricing_periods.view.lkml,FilenameViewnameMatchRule,1,https://github.com/govirtuo/looker.git,/Users/romainthoyer/Documents/Virtuo/dev/looker/**/*.view.lkml
2023-01-26T22:50:31.045718,identifications.view.lkml,DataSourceRule,1,https://github.com/govirtuo/looker.git,/Users/romainthoyer/Documents/Virtuo/dev/looker/**/*.view.lkml
2023-01-26T22:50:31.045718,identifications.view.lkml,OneViewPerFileRule,1,https://github.com/govirtuo/looker.git,/Users/romainthoyer/Documents/Virtuo/dev/looker/**/*.view.lkml
2023-01-26T22:50:31.045718,identifications.view.lkml,FilenameViewnameMatchRule,1,https://github.com/govirtuo/looker.git,/Users/romainthoyer/Documents/Virtuo/dev/looker/**/*.view.lkml
2023-01-26T22:50:31.045718,id_verification_facts.view.lkml,DataSourceRule,1,https://github.com/govirtuo/looker.git,/Users/romainthoyer/Documents/Virtuo/dev/looker/**/*.view.lkml
2023-01-26T22:50:31.045718,id_verification_facts.view.lkml,OneViewPerFileRule,1,https://github.com/govirtuo/looker.git,/Users/romainthoyer/Documents/Virtuo/dev/looker/**/*.view.lkml
2023-01-26T22:50:31.045718,id_verification_facts.view.lkml,FilenameViewnameMatchRule,1,https://github.com/govirtuo/looker.git,/Users/romainthoyer/Documents/Virtuo/dev/looker/**/*.view.lkml
